month,temp,sun_time,precip,rain,snow,precip_time,max_wind,max_gust,location_ref
2020-01,-15.551492,202.104,1.2000002,0,1.75,12,24.490585,52.92,1
2020-02,-12.447758,232.68958,2.3999999,0.2,3.2900002,15,23.34455,50.399998,1
2020-03,-4.9580107,300.11758,1.5,0,3.15,6,45.845966,95.399994,1
2020-04,4.2613893,344.44885,3.5,1.1,3.6400003,13,34.966362,74.88,1
2020-05,9.592191,282.20297,11.2,37.7,0.35,20,41.21646,86.76,1
2020-06,14.993124,322.31314,26.300003,77,0,20,26.758923,56.88,1
2020-07,19.143265,355.40637,16.300001,81.9,0,16,26.141552,68.4,1
2020-08,14.797903,254.76917,26.1,213.8,0,23,26.882141,54,1
2020-09,9.62132,283.21463,9.4,30.599998,0.42,14,32.831135,68.76,1
2020-10,-0.93885744,221.92317,18.6,6,29.890003,24,36.08091,75.6,1
2020-11,-7.519236,186.15962,2.6999996,0.1,5.6000004,15,28.079998,60.839996,1
2020-12,-17.297594,191.62364,0.6,0,1.12,6,30.05515,63,1
2021-01,-21.572393,193.84052,3.9,0,6.7200003,22,26.758923,56.519997,1
2021-02,-16.879583,220.33714,7.7999997,0,10.640001,15,29.834423,63,1
2021-03,-6.241075,273.56396,3.6999998,0,10.08,17,34.70407,73.799995,1
2021-04,1.206389,328.31784,4.5,1.3,7.42,10,35.768856,78.479996,1
2021-05,6.071156,286.5863,10.700001,21.6,17.15,23,35.770668,77.4,1
2021-06,15.613264,318.94186,21.2,102.8,0.07,23,31.869658,76.32,1
2021-07,17.99078,341.27994,22.2,138,0,18,22.26477,51.12,1
2021-08,15.808588,324.34167,19.500002,67.200005,0,18,27.381308,58.679996,1
2021-09,8.276875,268.00616,15.9,92.100006,1.19,21,33.657593,68.4,1
2021-10,0.23016134,239.92267,4.7999997,1,5.53,10,28.227304,59.039997,1
2021-11,-7.5935416,172.31834,2.9000003,0,7.6300006,19,30.676142,66.96,1
2021-12,-14.309825,178.70517,1.5000002,0,3.57,12,34.387066,71.28,1
2022-01,-19.309624,183.94647,1.6000003,0,2.94,14,26.124195,52.199997,1
2022-02,-16.805326,221.57973,1.5000002,0,1.9599999,15,26.925497,54.36,1
2022-03,-7.749677,295.11197,3.6000004,0,5.7400002,12,37.731365,75.96,1
2022-04,1.4322917,276.71796,15.999999,1.6,24.15,17,35.98559,73.079994,1
2022-05,9.799785,327.78412,10.599999,21.6,8.469999,18,32.271744,68.76,1
2022-06,16.609653,351.02982,12.5,64.600006,0,21,27.890127,56.519997,1
2022-07,18.095148,332.24185,23,154.40001,0,23,24.951921,53.639996,1
2022-08,13.652003,372.02774,28.2,38.800003,0,16,27.834309,58.32,1
2022-09,9.082292,241.40154,36.000004,111.100006,4.27,23,29.601109,60.479996,1
2022-10,-0.7049192,233.44612,5,0,10.01,17,31.828968,64.799995,1
2022-11,-9.601042,183.0134,1.3000002,0,3.08,13,26.400545,53.28,1
2022-12,-18.276358,176.05484,1.3000001,0,3.2199998,10,41.251034,87.12,1
2023-01,-19.38785,185.13351,1.4000001,0,4.7599998,8,29.651413,60.839996,1
2023-02,-12.86872,226.19872,1.7,0.20000002,3.9900002,8,26.795223,54.719997,1
2023-03,-4.094704,272.75778,16.8,0.4,19.6,21,38.01198,78.12,1
2023-04,-1.1056943,283.47354,4.399999,0.70000005,10.36,17,37.801712,82.079994,1
2023-05,7.83547,358.45276,6.6,24.1,1.89,13,33.58821,70.92,1
2023-06,14.664097,345.7195,22.599998,79.1,0,16,34.38895,72,1
2023-07,18.170687,352.25458,18.700003,111.700005,0,18,24.863468,57.239998,1
2023-08,15.982379,307.3379,10.8,64.8,0,19,36.06474,71.64,1
2023-09,9.854306,257.7776,16.300001,55.5,0,14,33.75948,67.67999,1
2023-10,2.6009276,277.67227,1.7000003,1.6000001,2.24,10,35.58905,72.36,1
2023-11,-10.56868,183.89357,2.4999998,0.2,5.6700006,24,29.354902,59.039997,1
2023-12,-17.794235,167.41714,1.7000002,0,3.5700002,9,35.188046,75.24,1
2024-01,-17.666882,203.24432,0.5,0,0.98,3,25.959969,51.48,1
2024-02,-16.733606,235.41727,4.2,0,4.1299996,12,25.277023,51.12,1
2024-03,-5.5784407,304.85178,1.3000001,0,1.89,8,33.24888,66.96,1
2024-04,2.0193057,295.21774,20.099998,12.5,20.51,19,37.63679,79.2,1
2024-05,10.345685,333.36533,5.2,17.1,6.02,11,38.966568,78.84,1
2024-06,16.603819,355.2987,20.9,105.799995,0,15,26.674032,56.88,1
2024-07,21.60859,389.20316,24.300001,79.200005,0,15,22.38378,46.079998,1
2024-08,17.965443,337.8991,25.5,75.600006,0,12,25.1614,49.68,1
2024-09,8.793056,291.7359,7.8999996,28.1,0.49,8,35.413826,76.67999,1
2024-10,-0.6234676,244.53615,14.400001,3.5999997,14.35,17,36.82793,73.079994,1
2024-11,-8.57493,148.40038,6.2999997,0,13.4400015,17,24.864119,56.88,1
2024-12,-16.570108,186.73727,0.5,0,1.05,5,26.121714,56.88,1
2025-01,-15.131667,6.517094,0,0,0,0,20.696085,44.639996,1
2020-01,-16.664406,201.20296,4.499999,0.2,9.309999,18,21.647945,78.12,2
2020-02,-14.233925,227.9212,4.2999997,0.1,9.31,19,19.652176,61.56,2
2020-03,-9.495992,276.64978,14.400002,0.50000006,33.739998,21,30.244286,106.2,2
2020-04,0.85313886,327.63553,13.200001,2,20.159998,24,24.288662,86.03999,2
2020-05,4.6324353,344.41507,19,72.1,47.950005,22,29.215502,109.079994,2
2020-06,10.465917,355.4041,19.400003,133.50002,3.29,17,22.086521,84.6,2
2020-07,13.575582,340.97137,22.200003,142.6,0,22,29.337238,107.27999,2
2020-08,11.09265,294.64932,56.60001,259.90002,0,24,25.932495,92.52,2
2020-09,4.940361,253.6828,38.100002,74.8,83.65,24,23.906818,80.64,2
2020-10,-3.848882,228.18356,18.600002,0.3,41.16,23,28.496904,96.84,2
2020-11,-10.934083,161.3134,5.2000003,0.3,32.34,24,21.2522,90,2
2020-12,-21.325495,172.56021,4.3,0.1,21.210003,24,20.774214,78.479996,2
2021-01,-22.22321,162.7139,4.1,0.3,24.36,24,25.60053,93.6,2
2021-02,-16.345884,203.89154,4.1999993,0,17.22,19,25.241108,85.67999,2
2021-03,-8.234702,294.89407,16.5,0.1,27.93,13,38.445908,135.35999,2
2021-04,-4.182,274.50742,11.599999,0.5,42.63,22,27.193705,100.799995,2
2021-05,0.9497742,295.31967,19.7,51.8,74.83,22,29.070974,106.2,2
2021-06,9.180639,290.98663,19.599998,115.700005,9.240001,24,25.982424,95.03999,2
2021-07,13.365702,307.2234,23.700003,137.90001,0,24,22.7057,81.72,2
2021-08,11.005621,281.1551,32.100002,234.40001,0,24,25.620771,93.6,2
2021-09,3.5156388,251.0564,21.2,68.2,39.13,24,20.570463,72.36,2
2021-10,-2.1451855,243.1184,26.800001,0.2,43.469997,24,24.609364,86.399994,2
2021-11,-10.653944,184.7946,7.8,0.099999994,25.060001,24,27.419146,90.36,2
2021-12,-16.470118,163.42493,5.6,0.19999999,23.170002,22,20.5484,71.28,2
2022-01,-17.445858,181.7568,3.6,0.10000001,11.4800005,13,16.595179,66.96,2
2022-02,-17.524456,205.52495,7.0000014,0.2,21.21,24,19.70815,67.32,2
2022-03,-11.868572,298.9724,4.2000003,0.10000001,17.220001,20,24.387177,87.479996,2
2022-04,-3.2872086,297.75754,12.900001,0.1999999,33.670002,19,25.420181,83.159996,2
2022-05,6.039223,387.66406,11.000001,28.699999,18.2,14,27.72,88.92,2
2022-06,11.278903,330.584,18.699999,155.8,11.97,21,24.187069,81,2
2022-07,11.737207,297.0797,30.2,145.8,0,21,21.485697,66.96,2
2022-08,9.345406,294.96573,19.5,174.4,7.21,20,20.12461,64.079994,2
2022-09,5.2229304,243.14493,22.700003,52.1,37.1,17,24.798225,81.72,2
2022-10,-3.4283843,229.70735,10.799998,0.3,35,21,28.551426,92.88,2
2022-11,-13.536513,182.5304,5.5,0.3,22.4,24,23.4,76.67999,2
2022-12,-19.989002,143.66376,5.0000005,0.4,30.170002,24,23.828083,87.84,2
2023-01,-21.619446,179.93472,5.6000004,0,16.240002,24,21.046917,77.03999,2
2023-02,-15.383161,227.49362,5.7999997,0,11.620001,19,23.14103,79.56,2
2023-03,-8.817162,278.32443,12.6,0.3,37.66,22,33.528355,105.12,2
2023-04,-7.160403,297.5602,22.400003,2.1,67.41,24,28.664682,97.56,2
2023-05,1.0333091,292.3574,30.999998,25.800001,55.09,24,26.649727,91.439995,2
2023-06,10.937861,321.19693,22.9,111.700005,1.7500001,21,26.009842,85.67999,2
2023-07,13.518726,302.23215,51.899994,254.7,0,24,25.338476,76.32,2
2023-08,12.631562,313.0369,28.8,186.7,0,24,21.188072,61.56,2
2023-09,6.3783474,214.81068,27.199999,103.4,19.18,24,21.599998,64.799995,2
2023-10,0.68317467,239.8972,13.500002,7.1000004,26.04,24,33.603645,100.439995,2
2023-11,-13.2838745,138.83063,12.400002,0.3,55.72,24,25.6233,77.76,2
2023-12,-20.133625,147.30449,10.3,0.5,25.480001,22,27.153164,79.56,2
2024-01,-18.555063,191.87227,10.000001,0.2,18.06,18,30.453527,93.24,2
2024-02,-19.342617,223.09927,6.4,0.1,11.9,24,23.042812,69.479996,2
2024-03,-9.568439,280.77985,9.000001,0.2,27.300001,17,34.213257,101.88,2
2024-04,-2.2750556,305.22934,16.7,6,48.44,24,31.212229,93.24,2
2024-05,6.62921,330.8192,15.5,53.5,17.99,20,29.5551,88.56,2
2024-06,11.172028,332.6807,17.900002,112.8,12.46,24,29.528778,86.03999,2
2024-07,15.730958,319.49597,23.9,163.3,0,24,22.33161,64.439995,2
2024-08,13.723431,291.59012,25.4,196.6,0,24,23.233253,75.24,2
2024-09,4.0223055,217.22,20.599998,46,36.75,24,21.26744,60.839996,2
2024-10,-2.7439759,220.95049,20.400002,3.6999998,46.55,23,31.479935,96.12,2
2024-11,-9.084014,139.46596,11.6,1.2,46.829998,24,29.433163,94.67999,2
2024-12,-16.655066,140.05136,10.499998,0.2,24.990002,24,24.863468,78.84,2
2025-01,-19.186579,6.3836093,0.2,0,0.14,2,5.8048253,27.359999,2
2020-01,4.62039,51.620632,9.2,66.700005,0,24,11.966953,29.88,3
2020-02,7.171235,109.805374,10.500001,45.800003,0.07,24,14.986553,34.92,3
2020-03,11.722809,183.02496,23.599998,89.1,0,24,18.64369,43.56,3
2020-04,13.747013,180.65067,11.200001,100.7,0,24,15.192682,34.2,3
2020-05,20.09969,261.53726,14.600001,93.4,0,23,17.447933,40.32,3
2020-06,22.166319,249.44058,132.4,315.9,0,24,13.905509,37.44,3
2020-07,22.922,217.57195,52.100006,298.30002,0,24,13.896187,33.48,3
2020-08,23.434166,274.06805,80.70001,376.80002,0,21,14.8257065,42.12,3
2020-09,19.035831,145.3112,36.199997,290.1,0,24,13.049689,29.88,3
2020-10,13.684636,85.72185,16.900002,185.40001,0,24,12.387348,29.16,3
2020-11,10.618542,156.80171,7.0000005,44.5,0,24,15.509274,34.92,3
2020-12,2.734839,54.536537,7.1,42.2,5.88,24,13.0447235,30.239998,3
2021-01,2.525632,105.23438,8.6,23.500002,12.950001,24,11.901798,28.8,3
2021-02,9.65046,155.51866,7.2,46.5,0,24,12.57426,30.960001,3
2021-03,11.958696,186.80896,10.8,78,0,23,17.782688,41.039997,3
2021-04,14.247777,137.49261,11.5,149.6,0,24,15.941944,36.719997,3
2021-05,19.012592,253.04169,19.2,155.7,0,24,16.954432,41.399998,3
2021-06,21.491596,214.59653,71.600006,237.80002,0,24,22.104116,51.839996,3
2021-07,23.483025,257.4164,62.399998,335.69998,0,24,11.808878,35.64,3
2021-08,22.749958,222.39027,36.999996,333.6,0,24,14.799459,33.839996,3
2021-09,21.406181,240.5801,26.700003,225,0,23,15.905319,37.8,3
2021-10,14.509838,79.04926,15.900002,163.4,0,24,13.089354,32.760002,3
2021-11,8.544652,122.60391,9.1,55.600002,0,23,18.228943,47.519997,3
2021-12,5.594919,93.614235,6.9999995,23,0.97999996,22,15.273505,34.2,3
2022-01,4.8392067,73.24878,6.1000004,25.600002,4.13,16,13.479583,32.039997,3
2022-02,3.7736757,85.86899,6.799999,24.9,8.610001,24,15.546833,36.719997,3
2022-03,14.190684,217.31346,21.3,92.8,0,23,15.459054,39.96,3
2022-04,15.369721,217.51009,18.500002,140.3,0,24,18.486622,55.8,3
2022-05,17.644112,202.42822,24.099998,164.7,0,24,13.684735,33.12,3
2022-06,22.006527,192.2587,47.2,206.70001,0,20,18.72346,46.079998,3
2022-07,25.217903,296.84732,19.499998,77.5,0,19,16.215992,42.839996,3
2022-08,26.207754,314.5823,24.800005,162.5,0,18,16.055353,34.92,3
2022-09,19.445902,169.43031,39.9,197.8,0,24,12.387348,29.16,3
2022-10,15.586452,158.43263,30.100002,124.5,0,24,13.684735,30.239998,3
2022-11,12.852153,156.95206,12.5,78.5,0.42000002,21,15.978484,40.32,3
2022-12,3.8519087,77.454605,7.5000005,33.100002,1.68,21,12.72283,31.319998,3
2023-01,3.4351075,137.58452,4.4999995,8.900001,3.64,19,17.0763,37.44,3
2023-02,7.678735,105.27351,3.3,25.300001,0,17,14.904173,37.079998,3
2023-03,11.763064,148.33566,35.099995,117.59999,0.14,22,18.733839,48.6,3
2023-04,16.498749,232.31802,17.5,116,0,22,20.188908,45,3
2023-05,19.310913,206.05203,55.499996,180.7,0,24,18.1041,44.28,3
2023-06,21.14368,205.28642,11.5,80,0,19,14.264361,34.2,3
2023-07,24.003386,277.9612,46.899998,235.3,0,21,20.163212,58.32,3
2023-08,22.955671,252.54254,59.800003,421.40002,0,23,14.372974,31.319998,3
2023-09,21.111387,209.77539,28.4,173.4,0,23,21.602999,46.44,3
2023-10,15.747943,130.41455,17.6,123.6,0,24,13.276144,30.599998,3
2023-11,12.543819,139.57759,23.1,97.4,0,24,17.811815,38.16,3
2023-12,6.4121237,144.86215,1.9000002,12.400001,0.42,15,18.532135,41.039997,3
2024-01,6.087325,85.37121,6.9000006,29.6,2.52,24,14.561099,32.760002,3
2024-02,5.554066,124.935394,3.5,20.4,0,22,14.081478,29.519999,3
2024-03,12.339341,202.82028,8,39.9,0,17,20.163212,46.079998,3
2024-04,17.208124,215.04826,23.300001,163.7,0,24,21.629978,46.8,3
2024-05,19.472136,241.95863,132.9,286.19998,0,24,16.808569,37.44,3
2024-06,21.380278,218.36256,48.2,211.2,0,24,15.021105,34.92,3
2024-07,24.199759,229.2047,57.500004,294.9,0,23,13.0447235,29.88,3
2024-08,25.58094,333.89633,22.100002,144.4,0,18,12.387348,33.12,3
2024-09,22.885973,282.08588,63,472,0,22,16.5688,42.12,3
2024-10,15.473548,125.44318,15.4,142.9,0,22,12.461669,28.8,3
2024-11,11.251389,92.33743,19.399998,108,0,24,20.82484,48.239998,3
2024-12,4.487325,86.59775,3.4000003,28.100002,1.2600002,24,11.466438,29.519999,3
2025-01,6.636249,9.550452,0,0,0,0,10.062305,28.44,3
2020-01,2.5916371,136.15704,34,156.1,1.26,24,17.238699,95.76,4
2020-02,6.6590543,173.37624,22.899998,146.4,4.8999996,24,17.58481,70.2,4
2020-03,9.199836,138.53319,34.8,320.40002,0,24,15.986593,91.799995,4
2020-04,12.355055,228.79732,33.4,160.2,0,23,11.988594,68.4,4
2020-05,18.65071,238.20735,34.2,269.90002,0,24,15.30741,84.96,4
2020-06,21.330402,236.03226,50.199997,404.5,0,24,15.778516,82.439995,4
2020-07,22.679405,282.44385,67,261.30002,0,24,16.08761,91.439995,4
2020-08,22.511192,328.24478,30.299997,87.799995,0,21,14.654254,67.32,4
2020-09,17.224293,162.49509,40.700005,242.7,0,22,11.200571,47.519997,4
2020-10,12.397013,158.3401,10,50.2,0,23,11.183201,50.76,4
2020-11,9.414153,190.14137,16.900003,76.200005,0,23,16.323528,66.6,4
2020-12,1.4449972,137.83926,14.1,41.2,2.4500003,22,12.682018,56.16,4
2021-01,2.617309,208.7168,7.3,20,2.66,19,13.397612,55.8,4
2021-02,8.044515,173.51723,26.400002,122.5,0,24,11.808878,51.839996,4
2021-03,9.344661,139.8206,41.6,249.7,0,24,12.768586,69.479996,4
2021-04,11.967694,94.85035,25.6,187.90001,0,23,12.682018,62.639996,4
2021-05,17.347887,177.7181,53.7,575.1,0,24,18.11841,97.92,4
2021-06,20.870958,271.89764,32.899998,227.5,0,24,12.783802,64.439995,4
2021-07,22.863478,332.6165,13.7,84.700005,0,13,15.7908325,81,4
2021-08,21.98841,261.26364,37.100002,297.10004,0,24,13.324863,65.88,4
2021-09,21.490541,312.6704,21,75.3,0,20,11.304229,56.16,4
2021-10,13.261059,143.12247,11.900001,93,0,24,18.193361,78.84,4
2021-11,8.561791,186.92545,61.7,166.7,0.07,22,15.696165,61.199997,4
2021-12,4.4892845,193.19003,7,33.8,4.9000006,16,12.224107,51.12,4
2022-01,1.9656961,86.30928,48.000004,185,10.08,24,11.592895,48.239998,4
2022-02,-0.3691757,66.31581,16.500002,77.200005,25.130001,24,14.618837,55.44,4
2022-03,10.528935,160.83957,41.5,207.8,0,22,16.641972,88.56,4
2022-04,13.349568,198.77975,27.6,207,0.90999997,23,16.299694,77.76,4
2022-05,15.373895,124.07116,28.900002,301.4,0,24,12.496718,63.36,4
2022-06,20.253805,205.03627,41.8,344.1,0,24,15.716793,67.32,4
2022-07,23.734312,312.03223,40.4,165.6,0,24,15.530151,67.32,4
2022-08,24.069527,350.46848,22.500002,79.200005,0,20,14.693999,63.36,4
2022-09,20.229153,300.27078,3.8,9,0,9,12.55879,47.88,4
2022-10,14.039217,245.5456,4.7,15,0,11,17.238699,68.76,4
2022-11,11.569638,155.95372,47.6,191.59999,0.97999996,22,13.896187,77.03999,4
2022-12,0.8991639,165.00153,14.000001,25,9.450001,21,14.917212,64.079994,4
2023-01,3.0197957,210.62935,7.7999997,38.1,4.69,19,16.055355,59.399998,4
2023-02,4.283875,108.67494,42.5,169.00002,0.07,24,14.003028,56.519997,4
2023-03,9.754137,170.32365,74.6,301.7,0,21,14.168641,57.239998,4
2023-04,13.516999,172.47778,39.199997,235.5,0,22,18.35647,77.03999,4
2023-05,17.583437,237.06636,41.299995,246.40001,0,24,19.469976,69.479996,4
2023-06,20.609568,214.73152,101.600006,334.5,0,24,14.05845,59.76,4
2023-07,23.00642,321.7825,22,140.1,0,21,19.453327,64.799995,4
2023-08,21.730818,288.96472,30.1,205.90001,0,23,14.76439,46.079998,4
2023-09,19.879915,252.04974,20.300001,121.200005,0,23,13.896187,47.88,4
2023-10,14.490293,180.9876,21.999996,91.6,0,24,14.693999,46.44,4
2023-11,10.328944,226.30487,46,113,0,22,16.800856,61.56,4
2023-12,4.2589755,192.71239,14.900002,43.2,0.97999996,21,17.414474,64.799995,4
2024-01,3.4218118,172.47435,27.599998,130.5,14.14,22,15.986593,61.56,4
2024-02,2.7232785,98.61026,54.30001,274.40002,1.05,23,21.485697,76.67999,4
2024-03,9.569998,192.31146,30.699999,144.8,0.14,20,22.691423,71.64,4
2024-04,14.990402,112.688354,111.3,534.6,0,22,21.67487,81.72,4
2024-05,17.133774,210.30777,51,191.70001,0,20,15.349684,55.44,4
2024-06,19.429083,124.10367,65.299995,479.4,0,24,17.673029,63.72,4
2024-07,23.70259,321.9514,99.100006,179.90001,0,24,17.414476,74.520004,4
2024-08,23.029001,322.2576,16.800001,152.7,0,20,14.77755,48.6,4
2024-09,20.839151,286.1693,35.6,148.9,0,17,14.904173,57.6,4
2024-10,13.655145,206.09201,18.900002,99.5,0,20,15.94804,55.079998,4
2024-11,9.997069,199.22324,21,71.5,0,21,14.77755,51.48,4
2024-12,2.7774568,211.1003,4.6999993,18.2,0,20,10.571074,43.199997,4
2025-01,5.5765834,9.297177,0,0,0,0,5.1165614,22.68,4
2020-01,1.9519005,173.23885,8.500001,22.8,6.5099998,20,33.493546,86.399994,5
2020-02,5.070296,175.25368,39.999996,112.799995,14.98,23,49.32131,122.399994,5
2020-03,5.0467257,251.2478,13.899999,50.100002,4.2000003,18,38.59395,81.72,5
2020-04,11.023431,340.7049,16.9,32.7,0,15,29.44307,62.639996,5
2020-05,12.127372,308.9161,14.900001,70.3,0,17,31.018547,64.439995,5
2020-06,15.991278,285.0862,32.1,166.6,0,24,28.576382,60.120003,5
2020-07,18.901161,371.72562,14.400001,65,0,17,24.098497,65.520004,5
2020-08,19.320112,315.4656,31.999998,160.59999,0,23,33.72491,71.64,5
2020-09,15.094125,272.56174,15.200001,62.399998,0,23,28.277763,60.479996,5
2020-10,9.346793,178.67348,16.899998,92.2,0,20,28.467329,61.56,5
2020-11,4.881486,160.45584,6.499999,22.499998,0.07,18,25.282152,52.92,5
2020-12,1.2418199,103.54654,12.800001,40.2,15.89,20,27.792374,56.519997,5
2021-01,-0.2414462,97.52084,10.6,37.4,33.18,23,36.785236,82.079994,5
2021-02,2.869616,181.04416,15,47.499996,10.290001,19,33.202072,67.67999,5
2021-03,4.1623173,247.47551,9.5,35.8,15.610001,19,32.2396,78.12,5
2021-04,6.401972,287.30246,10.900001,23.8,15.190001,23,32.19938,69.12,5
2021-05,10.391014,286.69662,22.2,180.70001,0,24,33.00436,74.88,5
2021-06,18.670307,380.7603,14.9,98.3,0,23,31.003918,69.479996,5
2021-07,18.08127,314.26544,14.200001,105.100006,0,22,24.066206,50.039997,5
2021-08,16.623405,278.0056,21.300001,137.2,0,24,21.398056,62.279995,5
2021-09,15.444611,290.879,10.2,36.3,0,21,21.542923,46.8,5
2021-10,8.919105,213.95099,12.299999,40.2,0,19,41.741375,83.88,5
2021-11,2.976833,113.38726,12.6,43.7,6.79,20,38.0733,77.03999,5
2021-12,2.2840242,90.84389,11.100001,55.2,24.08,17,33.971867,67.32,5
2022-01,1.2131908,121.62846,9.200001,23.900002,20.089998,20,39.029713,77.4,5
2022-02,3.8046606,174.27641,10.2,40.7,13.93,20,41.890144,86.76,5
2022-03,4.582478,277.43552,7.7999997,16.3,0,15,24.288662,48.96,5
2022-04,7.486208,254.75461,18.9,67.3,14.000002,24,40.550766,88.56,5
2022-05,14.905462,347.45746,12.9,91.8,0,20,23.857979,51.48,5
2022-06,18.89489,343.39627,26.6,124.1,0,16,23.042812,50.76,5
2022-07,20.014938,379.65402,22.3,68.6,0,12,22.065973,46.44,5
2022-08,19.799078,327.8773,47.399998,102.9,0,22,25.671307,51.12,5
2022-09,13.180653,234.67368,17.800001,105.700005,0,22,25.982424,58.32,5
2022-10,12.964535,199.83714,37.3,87.5,0,21,26.282463,56.88,5
2022-11,5.8702364,138.44986,8.900002,59.9,0.35,24,26.552288,54.36,5
2022-12,1.7453815,99.50993,13.6,49.4,17.29,22,31.731092,62.279995,5
2023-01,2.6222632,86.86106,4.9,19.4,8.89,16,30.396025,61.56,5
2023-02,2.3558514,180.03532,9,34.2,6.86,22,35.281837,75.24,5
2023-03,6.2341585,220.68797,7.2,50.199997,5.1800003,14,38.047756,80.28,5
2023-04,7.1787777,177.46922,19.7,105.3,1.12,21,34.177254,72.36,5
2023-05,13.298809,293.08688,19.899998,89.299995,0,24,21.434364,45,5
2023-06,18.960236,390.4308,9.799999,26.999998,0,16,25.376808,54.719997,5
2023-07,19.870247,344.71344,17.9,92.799995,0,16,24.64094,56.16,5
2023-08,19.263863,289.8686,26.500002,191.1,0,24,33.857227,72.36,5
2023-09,17.31843,293.90695,19.199999,35.3,0,18,19.881649,44.639996,5
2023-10,12.668768,214.66776,12.7,63.8,0,12,30.625402,62.279995,5
2023-11,5.398569,132.92043,19.300003,147.90001,17.57,22,35.69813,71.28,5
2023-12,3.2660806,113.20157,25.6,106.1,28.07,24,41.213318,83.88,5
2024-01,0.76856714,136.53339,14.6,65.5,12.809999,24,39.6605,83.88,5
2024-02,6.5435,141.8034,7.1,54.1,0.21000001,21,29.68636,62.279995,5
2024-03,7.8666854,227.48566,19.1,72.7,3.64,23,29.301876,59.399998,5
2024-04,9.931209,242.14473,16.2,58.8,8.12,18,36.26006,83.159996,5
2024-05,14.068432,301.27713,40.1,145.9,0,22,26.486313,52.56,5
2024-06,17.61093,314.87164,70.49999,198.4,0,24,29.899511,58.679996,5
2024-07,19.55788,343.60254,19.600002,100.6,0,17,24.448214,50.76,5
2024-08,20.333015,328.87912,28.000002,80.9,0,19,21.398056,47.88,5
2024-09,14.710306,233.68382,22.300001,163.2,0,24,31.32207,63.36,5
2024-10,11.382545,163.11673,12.6,57.2,0,21,27.727594,55.8,5
2024-11,4.0803056,130.59203,20.8,67.7,11.13,13,33.90361,73.079994,5
2024-12,1.2685001,112.7738,12.9000025,46.5,0.90999997,18,38.150234,70.92,5
2025-01,5.3372498,7.0093317,0,0,0,0,25.344229,48.239998,5
2020-01,3.258637,127.36402,8.700001,31.100002,0,20,31.178993,63.72,6
2020-02,5.4341006,131.42313,17.199999,82.2,4.27,20,43.928852,107.64,6
2020-03,5.007562,237.61847,6,37.3,0.21000001,20,39.71438,89.27999,6
2020-04,10.308444,338.57504,3.1,9.2,0.14,7,29.237675,60.120003,6
2020-05,12.178663,299.24365,8,30.3,0,14,26.220753,63.72,6
2020-06,17.916498,329.81888,8.099999,45.199997,0,20,31.956968,66.96,6
2020-07,18.607023,346.90646,8.9,41.7,0,18,33.70377,69.12,6
2020-08,21.157629,314.3309,11.000001,68.3,0,17,42.59121,86.03999,6
2020-09,15.217749,285.16776,26.9,56.6,0,21,22.288042,46.079998,6
2020-10,10.798825,172.1327,19.400002,69.100006,0,24,29.301876,61.920002,6
2020-11,5.9229584,149.0886,3.6999998,13.7,0.21000001,10,29.379175,64.799995,6
2020-12,2.8468091,91.062546,8.400001,34.600002,2.52,18,27.66384,66.24,6
2021-01,0.57463175,76.15801,11.700001,25.3,26.53,20,32.76,64.439995,6
2021-02,0.020815313,132.71738,17.2,18.7,28.84,24,27.959743,63.36,6
2021-03,4.5283275,241.88435,4.5000005,29.800001,2.9400003,16,42.305744,94.67999,6
2021-04,5.8820558,265.279,9.200003,37.800003,1.96,18,28.930204,63,6
2021-05,11.27658,344.8645,13.4,80.3,0,21,43.738148,88.92,6
2021-06,19.462055,361.95395,19.9,46.2,0,9,27.333935,55.8,6
2021-07,18.970398,330.43607,22.499998,66.6,0,23,30.282827,61.199997,6
2021-08,16.837332,285.09024,18.4,101.2,0,23,32.039997,65.520004,6
2021-09,15.561359,276.81772,14.500002,28.800001,0,10,28.696312,57.6,6
2021-10,9.699296,211.25993,11.700001,39.2,0,13,42.547066,92.52,6
2021-11,4.938653,89.84459,27.300003,48.500004,1.47,24,29.515608,56.519997,6
2021-12,2.3363926,62.007946,11.699999,35,8.890001,18,33.60557,63.72,6
2022-01,3.239148,76.07373,7.399999,31.9,4.41,20,36.388504,69.479996,6
2022-02,4.3994613,144.45207,10.800001,56.5,1.5400001,22,44.930824,92.159996,6
2022-03,3.8584356,259.89563,4.9000006,10.300001,0.42,9,25.809765,54.719997,6
2022-04,7.718236,260.35312,7.7,24.9,3.57,21,48.14453,94.67999,6
2022-05,14.960181,382.81165,22.699999,42.1,0,10,31.491255,63.72,6
2022-06,19.282331,395.8559,9.599999,30.8,0,9,25.233404,52.56,6
2022-07,19.990423,365.59692,14.600001,45.4,0,18,28.66694,54.719997,6
2022-08,21.197817,357.67136,27.200003,54.900005,0,12,22.33161,47.16,6
2022-09,13.874903,274.904,16.999998,57.899994,0,18,27.333935,54.719997,6
2022-10,12.500976,224.97318,15.7,30.4,0,14,28.694056,55.079998,6
2022-11,5.658583,140.11002,13.7,32.2,2.8000002,18,28.51282,57.96,6
2022-12,1.5226156,69.432556,10.1,46.6,10.22,19,33.233284,64.079994,6
2023-01,3.9180455,81.45332,5.5,33.5,7.1400003,18,34.17157,64.439995,6
2023-02,3.140905,117.451645,9.9,33.5,3.3600001,15,34.22841,74.88,6
2023-03,5.5773873,177.76646,11.300001,58.6,19.04,17,39.09606,80.64,6
2023-04,7.474764,231.23444,10.2,43.2,0,24,31.99142,64.799995,6
2023-05,13.322884,352.4064,4.6999993,18.3,0,18,23.906818,47.88,6
2023-06,19.224277,373.58545,14.100001,48.4,0,15,29.519999,55.44,6
2023-07,19.739819,365.82507,6,34.8,0,14,32.949345,64.079994,6
2023-08,18.964079,317.66296,24.000002,85.700005,0,15,36.304707,70.56,6
2023-09,17.979,311.51004,10.6,26.8,0,5,26.486313,52.92,6
2023-10,12.428059,167.87044,15.9,102.5,0,17,34.29838,64.439995,6
2023-11,5.624972,106.24355,13,65.6,14.84,21,34.77868,67.67999,6
2023-12,4.0244303,71.51296,20,85.7,8.54,23,34.574997,69.84,6
2024-01,0.97819364,112.14598,15.300001,36,11.06,19,38.22278,74.520004,6
2024-02,6.5637703,118.48601,10.7,68,2.52,17,37.372437,76.32,6
2024-03,6.782159,236.5197,9.900001,40.1,0.21000001,15,33.190357,66.96,6
2024-04,10.27518,275.59238,8.299999,42.4,1.12,17,33.56312,65.159996,6
2024-05,15.312467,309.5966,20.1,93.8,0,17,30.5173,60.839996,6
2024-06,17.220804,367.28235,13.199999,51.199997,0,13,30.77105,57.96,6
2024-07,19.85131,352.6792,26.500002,60.200005,0,17,28.40124,60.479996,6
2024-08,21.187265,346.8465,14.700001,45.5,0,16,27.14123,54.719997,6
2024-09,16.790667,260.7993,23.7,76.4,0,17,31.435646,61.56,6
2024-10,11.141096,207.86098,15.299999,39,0,16,39.260223,74.88,6
2024-11,5.0270553,103.21716,14.099999,40.2,2.1000001,18,38.33662,74.88,6
2024-12,2.863812,87.23331,8.2,37.6,1.05,19,33.247417,64.079994,6
2025-01,3.9644172,5.5387707,0,0,0,0,34.363033,65.88,6
2020-01,3.0294595,85.53858,6.7,37.6,3.7799997,16,38.059677,72.36,7
2020-02,4.096497,141.01959,10.200002,57.300003,2.45,18,38.6208,80.64,7
2020-03,4.1895404,231.67969,5.2,32.2,1.4000001,16,39.9908,81.72,7
2020-04,8.68825,312.9429,5.2999997,7.6,0,8,33.21573,62.279995,7
2020-05,11.323882,325.47858,13.399999,60.5,0,18,32.527744,61.920002,7
2020-06,18.026861,298.0286,20.1,142.20001,0,19,30.0767,56.88,7
2020-07,18.028452,371.4641,11.100001,53,0,15,27.841293,54.719997,7
2020-08,20.137995,323.2104,16.4,80.7,0,18,31.37168,61.920002,7
2020-09,14.963529,253.7828,31.000002,78.6,0,22,28.017622,55.8,7
2020-10,10.570723,157.27475,17.500002,57.600002,0,16,44.792156,80.28,7
2020-11,6.158042,70.717384,5.7,17.9,0.21000001,12,32.305862,57.239998,7
2020-12,1.6689085,95.93227,11.700001,33.8,2.66,14,28.61264,51.12,7
2021-01,-1.6662393,65.75847,10.2,13.200001,37.870003,22,30.121912,51.839996,7
2021-02,-3.0331337,149.26268,10.6,13.8,22.470001,22,30.068083,54,7
2021-03,3.237457,207.51929,7.7,31.1,4.83,22,38.681152,69.84,7
2021-04,5.8203335,256.617,9.099999,52.300003,2.5900002,23,35.346058,68.03999,7
2021-05,11.710508,324.4903,34.699997,99.799995,1.4000001,20,36.544876,67.32,7
2021-06,19.65457,400.2409,11.9,52.1,0,18,31.942772,58.32,7
2021-07,20.64216,363.3835,44.899998,102.299995,0,21,30.312773,57.239998,7
2021-08,17.085709,308.6374,16.9,70,0,15,35.09769,62.279995,7
2021-09,14.369015,242.86862,8.499999,29.999998,0,18,35.50155,76.67999,7
2021-10,9.635643,203.49109,7.0000005,35.5,0.35,13,48.786304,88.56,7
2021-11,5.460403,62.888817,5.0000005,30.300001,6.93,16,42.76885,73.799995,7
2021-12,-1.0824354,60.32503,5.7,13.299999,14.77,16,43.31983,81.36,7
2022-01,1.144379,91.29983,5.599999,25.099998,5.25,17,42.63227,87.84,7
2022-02,3.1487858,130.182,12.300002,59.100002,9.59,18,49.763405,103.32,7
2022-03,2.8377929,291.10126,1.5,4.3,0.07,6,28.8,51.12,7
2022-04,6.9115834,271.5579,7.7,30,1.8199999,18,42.84151,74.520004,7
2022-05,13.597605,354.83353,7.7,35.8,0,13,44.456722,81,7
2022-06,18.633112,386.36996,15.1,56.2,0,12,29.379175,55.44,7
2022-07,18.915012,359.42908,11.400001,53.100002,0,13,32.19938,58.32,7
2022-08,21.292631,328.184,23.2,72.4,0,16,25.842384,47.88,7
2022-09,12.286028,257.77527,18.699999,69.4,0,19,30.657122,54.36,7
2022-10,11.165481,194.89911,5.9999995,28.6,0,13,31.542658,57.239998,7
2022-11,4.162764,69.92466,7.3,11.5,9.940001,13,22.870626,41.039997,7
2022-12,0.5001586,43.05222,6.8999996,32.3,5.1800003,14,30.760519,53.28,7
2023-01,2.792094,48.2657,7.4,33.1,12.110001,17,35.069984,60.479996,7
2023-02,0.8989345,130.74527,17.4,29.1,14.14,17,41.560905,72.36,7
2023-03,3.8238146,182.7622,12.1,38.3,11.27,19,36.44722,63.36,7
2023-04,7.469778,242.9299,5.5000005,38.6,0.21000001,13,31.353085,55.8,7
2023-05,12.930133,351.44705,9.2,26.1,0,16,27.834309,50.039997,7
2023-06,18.587557,396.42297,9.1,54.2,0,11,29.973106,55.8,7
2023-07,19.47462,386.7496,12.000001,68.9,0,17,34.518726,60.479996,7
2023-08,19.392834,294.00458,13.1,80.4,0,20,35.64182,64.439995,7
2023-09,18.443598,307.64218,7.2,15.5,0,11,27.609911,50.039997,7
2023-10,10.451503,145.21823,11.700001,60.300003,0,17,37.137627,65.88,7
2023-11,3.3804028,97.84917,23.199999,79,9.24,21,41.66679,72,7
2023-12,1.6883978,48.78431,9.1,53.2,7,17,44.16864,77.4,7
2024-01,-0.072690934,83.524994,20,48.2,7.4200006,23,37.705597,67.67999,7
2024-02,5.1570573,73.73423,11.7,90,4.06,24,36.748222,65.159996,7
2024-03,6.369917,201.26765,7.9,43,0.07,19,28.551426,50.039997,7
2024-04,10.148806,252.88908,15.100004,50.900005,0,21,33.29173,60.479996,7
2024-05,16.283962,404.4979,11.100001,44.6,0,13,29.574827,54.719997,7
2024-06,18.115194,377.19156,12.2,54.7,0,10,30.96837,57.6,7
2024-07,19.801905,369.86752,18.4,130.9,0,14,33.014175,66.96,7
2024-08,20.119246,345.90872,6.7999997,21.9,0,13,27.36947,50.039997,7
2024-09,17.177486,257.8231,14.7,52.4,0,20,34.862427,61.920002,7
2024-10,9.967699,177.25198,15.400001,37.5,0,17,35.640453,61.56,7
2024-11,4.125264,81.49159,10.9,29.199999,5.53,14,34.292713,62.279995,7
2024-12,3.306879,48.711555,4.9,31.800001,1.12,23,36.54044,70.92,7
2025-01,4.699083,0,0.4,0.4,0,2,33.18499,64.439995,7
2020-01,12.440495,270.92758,10.6,28.2,0,14,22.392464,52.56,8
2020-02,16.5518,279.17712,1.9000001,4.6000004,0,6,28.056913,53.28,8
2020-03,20.738008,295.61438,21.7,45,0,11,27.783045,50.039997,8
2020-04,28.12957,326.7139,2.3,6.2999997,0,3,26.980793,54.719997,8
2020-05,31.965694,327.49408,19.1,52.3,0,10,32.559605,66.24,8
2020-06,32.74318,319.47217,6.5,10.7,0,7,28.038431,61.199997,8
2020-07,31.296879,313.2346,12.8,93.5,0,13,25.922499,48.239998,8
2020-08,29.173223,285.51068,19.5,129.3,0,17,30.259275,63,8
2020-09,30.014849,320.75674,10.3,44.2,0,14,21.659916,40.68,8
2020-10,26.404875,321.34384,0,0,0,0,17.654688,35.64,8
2020-11,19.336306,277.47522,10.2,19.2,0,7,20.65848,40.68,8
2020-12,14.776919,286.58783,0.1,0.1,0,1,17.709658,36.719997,8
2021-01,13.017376,276.0821,11.4,28.4,0,18,19.969458,42.12,8
2021-02,18.495184,278.29922,5,6.3,0,8,18.782204,37.8,8
2021-03,25.056623,326.5073,1.7,4.8,0,3,37.419224,69.12,8
2021-04,28.876791,337.04407,0.2,0.2,0,1,28.075384,71.28,8
2021-05,30.107027,301.37277,68.299995,79.799995,0,18,25.071098,51.48,8
2021-06,32.50964,321.54346,4.2,21.9,0,10,31.259941,56.88,8
2021-07,31.135118,253.3651,38,179.5,0,22,26.749235,50.039997,8
2021-08,29.645199,301.41165,32.199997,105.399994,0,19,27.059933,49.68,8
2021-09,27.437555,280.18958,36.7,156.3,0,24,29.49804,54.36,8
2021-10,25.656488,306.6554,12.400001,19.800001,0,12,23.565567,42.48,8
2021-11,19.725403,280.33493,0,0,0,0,17.58481,33.48,8
2021-12,14.041636,251.89064,12.900002,25.400002,0,9,18.391737,34.92,8
2022-01,11.820131,248.04259,30.800001,64.700005,0,16,25.305208,45,8
2022-02,16.22249,277.5918,3.3999999,9.6,0,4,30.699368,54,8
2022-03,25.639217,332.17822,0,0,0,0,24.951921,46.44,8
2022-04,32.60936,343.80356,0,0,0,0,32.142982,59.039997,8
2022-05,34.28189,335.01355,21.900002,22.100002,0,11,30.293522,54.719997,8
2022-06,33.726097,289.34656,21.6,58.8,0,18,34.763775,63.36,8
2022-07,29.587671,265.83386,25.099998,179.29999,0,21,23.795427,47.88,8
2022-08,28.480951,300.3523,29,92,0,16,33.994755,59.76,8
2022-09,28.298668,292.83188,66.799995,197.59999,0,24,22.90743,44.639996,8
2022-10,23.993048,287.52182,42.999996,55.299995,0,24,20.497883,38.16,8
2022-11,19.784498,280.60507,0.8,2.7,0,3,18.947083,36,8
2022-12,14.3236265,284.70645,0.5,0.8,0,2,18,33.12,8
2023-01,11.72786,273.15305,5.2,8.099999,0,13,22.086521,37.079998,8
2023-02,18.849127,279.7022,0,0,0,0,23.893261,47.519997,8
2023-03,21.734715,304.87277,13.6,53.2,0,10,25.277023,40.32,8
2023-04,26.630056,329.5244,6.1,8.8,0,2,30.532158,55.8,8
2023-05,29.437605,313.275,18.6,62.600002,0,10,34.154495,57.6,8
2023-06,30.622972,289.35495,17.5,95.4,0,10,32.33193,57.6,8
2023-07,29.77161,290.59958,30.9,202.5,0,22,21.897945,45,8
2023-08,30.684109,318.28918,10.000001,17.2,0,9,23.14103,41.760002,8
2023-09,29.587694,310.2462,15.200001,54.3,0,13,26.044699,51.48,8
2023-10,25.982967,315.5312,13.300001,17.100002,0,6,24.269983,46.8,8
2023-11,20.314917,265.9651,26.500002,31.900002,0,6,21.485697,42.839996,8
2023-12,15.089822,275.65567,1,2.1,0,4,17.654688,32.039997,8
2024-01,11.179876,243.85217,48,48,0,7,15.876775,37.079998,8
2024-02,16.223852,270.6256,9.700001,13.600001,0,10,25.264202,46.44,8
2024-03,22.115025,321.6625,7.0000005,7.6000004,0,9,26.836306,50.399998,8
2024-04,29.509151,323.059,0.4,0.70000005,0,1,31.470673,55.8,8
2024-05,35.265495,337.38184,1.2,1.2,0,2,35.747112,65.159996,8
2024-06,35.207558,297.57303,16.3,39.8,0,13,29.775719,55.44,8
2024-07,30.694324,301.95465,21.400002,153.6,0,12,28.277763,46.8,8
2024-08,27.81388,230.62622,32.300003,302.9,0,23,30.85307,54.36,8
2024-09,27.323805,274.35522,25.599998,145.3,0,20,29.627363,56.16,8
2024-10,26.887068,318.38977,0.4,0.4,0,1,22.06377,39.96,8
2024-11,21.137554,282.45587,0,0,0,0,16.22498,31.319998,8
2024-12,13.600643,266.35703,36.29999,49.499992,0,18,20.129442,37.8,8
2025-01,9.972417,7.3435245,0,0,0,0,7.289444,17.28,8
2020-01,4.485301,126.895355,16.2,68.8,0.28,24,24.693481,46.8,9
2020-02,6.3544197,184.06073,8.6,25.800001,3.5,16,28.394392,57.239998,9
2020-03,10.345113,237.2762,15.3,45.8,0.07,22,27.105392,50.399998,9
2020-04,13.816138,272.79523,8.099999,15.3,0,11,26.141552,51.839996,9
2020-05,21.118902,253.27399,29.000002,72.2,0,18,27.333935,50.399998,9
2020-06,24.71079,205.6389,95.5,316,0,24,29.601109,61.199997,9
2020-07,24.519442,178.01675,40.5,255.70001,0,22,26.242987,63.72,9
2020-08,28.225557,270.26422,61.4,160.7,0,24,24.569832,47.16,9
2020-09,22.397875,273.82492,11.2,46.1,0,14,21.03152,44.28,9
2020-10,16.272263,224.63893,11.3,24.800001,0,15,22.751316,45.36,9
2020-11,12.01975,170.77718,15.800001,51.200005,0,23,29.07989,54.719997,9
2020-12,3.0719943,200.73456,11.1,16.5,3.08,14,33.805515,63.36,9
2021-01,2.6322768,208.08112,10,27.5,0,23,24.993437,51.12,9
2021-02,7.438291,203.23941,12.500001,30.099998,0,16,29.354904,58.679996,9
2021-03,9.721591,203.2758,15.3,66.1,0,21,24.490587,46.8,9
2021-04,14.235792,207.19049,19.7,57.300003,0,19,34.366333,76.67999,9
2021-05,20.28671,242.01357,42.999992,117.799995,0,20,24.993439,48.6,9
2021-06,25.663637,252.71257,29.300003,67.5,0,22,25.189713,57.6,9
2021-07,27.15244,214.78969,95.399994,387.9,0,24,43.476612,84.96,9
2021-08,26.21971,261.96347,13.799999,74.3,0,18,19.386591,48.6,9
2021-09,24.508778,277.31116,17,61.600002,0,20,30.827856,58.679996,9
2021-10,18.046726,211.71344,35.7,108.7,0,24,29.427658,57.239998,9
2021-11,10.773569,220.66464,8.099999,25.199999,0,20,32.271744,59.76,9
2021-12,4.760973,229.66235,5.3999996,8.799999,0,9,28.483257,51.839996,9
2022-01,3.1605024,159.87376,11.3,39.399998,0.35,17,24.850431,44.28,9
2022-02,3.121476,184.10406,8.2,7.1000004,6.2999997,12,24.522316,45.719997,9
2022-03,10.631403,246.79138,19.400002,63.800003,0.28,17,33.004364,62.279995,9
2022-04,15.759958,269.64478,36.499996,71.299995,0,13,26.980793,52.92,9
2022-05,20.964401,268.2488,0.90000004,1.6,0,5,27.288855,51.839996,9
2022-06,27.106764,269.5849,17.599998,73.4,0,15,31.303444,60.839996,9
2022-07,28.645382,298.91452,30.1,156.59999,0,14,26.983194,52.199997,9
2022-08,29.039536,287.73526,15.1,60,0,12,26.302181,52.199997,9
2022-09,21.912043,230.62376,47.199997,155.6,0,24,38.26852,75.96,9
2022-10,16.164131,237.43199,25.300001,56.5,0,20,28.001427,51.839996,9
2022-11,13.386834,161.2968,23.700003,76.3,0.07,19,29.830078,55.8,9
2022-12,2.6195078,200.49673,4.6999993,12.299999,0,19,27.381308,51.48,9
2023-01,2.979723,231.9625,10.900001,23.300001,2.8000002,16,28.71437,53.28,9
2023-02,4.354958,165.67082,19.200003,51.300003,0.63,22,30.070238,57.239998,9
2023-03,11.008285,249.3425,16.1,32.8,0.07,19,28.533264,55.44,9
2023-04,15.591555,258.20126,47.500004,86.700005,0,19,30.216421,56.519997,9
2023-05,20.484562,228.26346,24.600002,85.3,0,22,29.627365,55.079998,9
2023-06,24.317389,226.82329,40.599995,149.7,0,18,28.467329,54.719997,9
2023-07,27.655396,193.6915,53.6,286.99997,0,21,31.262014,55.44,9
2023-08,26.80862,310.87698,50.8,109.5,0,24,24.72495,44.639996,9
2023-09,23.612875,196.163,46.800003,141.8,0,22,23.266697,45,9
2023-10,17.865677,254.2456,17.1,33.5,0,15,21.767351,41.760002,9
2023-11,10.943013,212.88947,16.900002,26.400002,0,11,28.241076,54,9
2023-12,3.734024,190.56078,24.200003,52.100002,4.5499997,21,28.241076,54.719997,9
2024-01,2.459293,170.94438,18.900003,51.200005,0.49,23,28.673721,51.12,9
2024-02,3.589908,145.16603,16.3,56.100002,18.83,21,28.66694,55.079998,9
2024-03,9.188795,222.44893,28.7,57.2,0,18,26.282463,48.6,9
2024-04,15.252528,210.3603,23.000002,66.700005,0,19,25.364037,48.6,9
2024-05,20.346188,283.3092,23.299997,49.399998,0,14,34.746994,68.03999,9
2024-06,25.791348,249.29326,66.5,121.4,0,18,29.268686,56.88,9
2024-07,28.85116,230.0149,41.8,259.6,0,23,33.81126,67.67999,9
2024-08,29.066082,320.20117,30.400003,184.7,0,19,20.870687,39.239998,9
2024-09,25.801764,269.23273,39.599995,156.5,0,23,33.043606,67.67999,9
2024-10,17.288527,189.0363,41.100002,125.600006,0,23,29.656328,54,9
2024-11,12.3069725,187.21368,8.700001,19.400002,0,11,28.762287,52.56,9
2024-12,4.213191,228.23752,2.1,2.3999999,0,11,22.491358,43.56,9
2025-01,3.0684998,8.873773,0,0,0,0,11.003581,24.119999,9
2020-01,12.8992605,150.16898,59.100006,300.40002,0,24,81.817474,126.35999,10
2020-02,12.179669,188.06712,56.4,234.3,1.12,23,72.26771,105.479996,10
2020-03,14.406048,226.17276,27,200.90001,0,24,68.5221,108.36,10
2020-04,15.139236,246.34348,25.5,148.5,0,22,74.00605,118.799995,10
2020-05,18.43508,261.93008,53.499996,159.7,0,15,54.99994,81,10
2020-06,22.317291,202.51302,48.200005,259.80002,0,24,70.91177,109.799995,10
2020-07,24.859072,290.1412,55.299995,158.3,0,24,62.505375,85.32,10
2020-08,27.030376,360.9007,11.8,41.600002,0,17,39.595085,52.92,10
2020-09,26.791874,256.98642,115.6,413.5,0,24,77.18453,124.2,10
2020-10,22.27332,200.81221,51.700005,232.40001,0,24,74.2159,101.52,10
2020-11,18.861668,189.51323,27.1,119.600006,0,20,63.396805,92.88,10
2020-12,13.921775,175.77254,90.49999,287.3,0,24,81.20135,118.079994,10
2021-01,12.252486,173.34662,38.1,294.19998,0,24,75.97023,121.67999,10
2021-02,11.791295,199.14134,34.399994,162.5,0.84000003,24,80.55799,126.72,10
2021-03,13.683737,208.72868,44.800003,203.70001,0,24,70.84321,108.72,10
2021-04,14.50868,240.80324,44.200005,128.8,0,19,71.08701,104.03999,10
2021-05,19.308735,216.2104,53.9,262.8,0,23,63.13255,90.36,10
2021-06,21.248404,223.51633,157.89998,524.39996,0,24,74.65292,106.56,10
2021-07,25.031588,277.12787,23.8,127.3,0,23,59.829357,89.64,10
2021-08,26.222042,304.128,42.399998,148.79999,0,24,68.32986,95.399994,10
2021-09,24.388334,238.2364,70.799995,216.3,0,24,53.29094,73.079994,10
2021-10,21.269556,224.1576,76.89999,275.59998,0,24,96.836655,148.31999,10
2021-11,18.395277,199.19096,45.2,145.09999,0,22,66.33775,90,10
2021-12,14.23199,147.46588,32.899994,339.5,4.69,24,79.664185,118.799995,10
2022-01,9.898319,198.4708,17.9,234.2,6.37,24,73.433815,103.32,10
2022-02,9.700297,192.17409,42.5,232.3,6.3700004,22,73.65322,126.35999,10
2022-03,13.476814,200.9246,29.600002,210,0,23,76.95331,110.52,10
2022-04,15.977709,202.33957,56.6,230.6,0,24,70.70862,106.56,10
2022-05,18.47406,216.4528,33.899998,181.4,0,19,61.145973,89.27999,10
2022-06,21.019167,241.34709,79.8,241.5,0,22,82.92981,113.76,10
2022-07,25.213173,313.05502,109.799995,255.3,0,21,63.216656,86.76,10
2022-08,27.452417,344.17484,40.399998,177,0,21,48.73315,67.32,10
2022-09,26.726389,307.7527,56.300003,100.8,0,18,49.646072,69.84,10
2022-10,22.44758,209.80539,41.399998,290.7,0,21,81.47222,113.03999,10
2022-11,18.838472,204.95222,52.4,213.5,0,19,76.89266,109.799995,10
2022-12,14.77285,170.10828,34.899998,238.8,0.07,23,74.74488,104.399994,10
2023-01,11.41633,180.60974,23.400002,236.1,7.84,24,74.84191,115.55999,10
2023-02,11.122099,160.72351,21.800001,180,2.1000001,23,83.167015,119.52,10
2023-03,14.312366,213.28493,34.1,170,0,17,69.09468,96.84,10
2023-04,15.886181,255.47926,25.2,102.5,0,18,63.58256,87.479996,10
2023-05,17.890524,237.44208,88.299995,316.8,0,24,78.53282,110.88,10
2023-06,21.5175,229.57962,60.9,245.70001,0,22,67.998085,101.88,10
2023-07,25.302082,318.69675,54.2,206.1,0,21,58.855316,78.479996,10
2023-08,27.551546,325.20026,54.6,199.5,0,23,83.50137,119.15999,10
2023-09,26.772362,277.66815,23.5,100.299995,0,22,49.63955,65.159996,10
2023-10,21.996841,249.42839,72.9,288,0,20,63.962585,99,10
2023-11,19.522917,204.60463,49.7,196.1,0,21,76.82858,108.36,10
2023-12,15.884946,153.32285,33.5,232.40001,0,23,69.72949,105.84,10
2024-01,12.608736,182.10449,40.1,288.3,5.1800003,24,73.665535,101.88,10
2024-02,12.139367,140.96536,26.400002,255.90001,0.28,22,76.97689,108.72,10
2024-03,12.56297,205.31769,64.2,364.19998,0.84000003,24,122.47303,174.24,10
2024-04,16.383265,206.7733,46.5,230,0,22,97.544716,141.84,10
2024-05,19.62332,235.47292,56.700005,254.1,0,24,64.4068,89.27999,10
2024-06,21.992987,251.16844,42.899998,145.7,0,15,71.0031,115.55999,10
2024-07,26.210417,325.91162,31.800001,158.7,0,21,62.2092,87.84,10
2024-08,27.051477,313.85913,56.6,264.6,0,24,78.447784,107.27999,10
2024-09,27.079931,293.18307,70.7,192,0,24,63.033165,82.079994,10
2024-10,24.253899,243.23943,35.4,169.5,0,16,67.15544,95.03999,10
2024-11,19.31125,171.7735,44.79999,255.7,0,21,64.09845,92.159996,10
2024-12,13.815322,194.46991,52.999992,327.7,0.07,24,68.69423,97.2,10
2025-01,11.025001,8.7346325,1.2000002,1.2000002,0,11,59.821236,82.799995,10
